<?xml version="1.0" encoding="UTF-8" standalone="yes"?>
<addon id="repository.hobbsy-tv" name="My Test Repo" version="0.0.1" provider-name="dudelove00">
	<extension point="xbmc.addon.repository" name="My Test Repo">
		<dir>
			<info compressed="false">https://raw.githubusercontent.com/noobsandnerds/modules4all/master/zips/addons.xml</info>
			<checksum>https://raw.githubusercontent.com/noobsandnerds/modules4all/master/zips/addons.xml.md5</checksum>
			<datadir zip="true">https://raw.githubusercontent.com/noobsandnerds/modules4all/master/zips/</datadir>
		</dir>
		<info compressed="false">https://raw.githubusercontent.com/dudelove00/repository.hobbsy-tv/master/zips/addons.xml</info>
		<checksum>https://raw.githubusercontent.com/dudelove00/repository.hobbsy-tv/master/zips/addons.xml.md5</checksum>
		<datadir zip="true">https://raw.githubusercontent.com/dudelove00/repository.hobbsy-tv/master/zips/</datadir>
	</extension>
	<extension point="xbmc.addon.metadata">
		<summary lang="en">hobbsy-tv is dudelove00's test repo 17/11/2017</summary>
		<description lang="en">australian free to air TV plus extras</description>
		<genre>gaming,livetv,movies,music,sports,tvshows,australian,canadian,newzealand,uk,usa</genre>
	</extension>
</addon>