<?xml version="1.0" encoding="UTF-8" standalone="yes"?>
<addon id="plugin.video.dudes-tv" name="Dudes-TV" version="0.0.1" provider-name="dudelove00">
	<requires>
		<import addon="xbmc.python" version="2.19.0" />
		<import addon="script.module.nanscrapers" version="0.5.5" />
        <import addon="script.module.python.koding.aio" version="0.0.1"/>
	</requires>
	<extension point="xbmc.python.pluginsource" library="default.py">
		<provides>audio image executable video</provides>
	</extension>
	<extension point="xbmc.addon.metadata">
		<summary lang="en">Australian Free to air TV plus freetv extras</summary>
		<description lang="en">australian free to air TV plus extras</description>
		<platform>all</platform>
		<forum>http://www.noobsandnerds.com/support</forum>
		<website>www.noobsandnerds.com</website>
		<news></news>
		<genre>anime,livetv,movies,music,sports,tvshows,australian,canadian,newzealand,uk,usa</genre>
		<video_guide></video_guide>
		<video_preview></video_preview>
	</extension>
</addon>
